<?xml version="1.0" encoding="UTF-8"?>
<project-private xmlns="http://www.netbeans.org/ns/project-private/1">
    <editor-bookmarks xmlns="http://www.netbeans.org/ns/editor-bookmarks/2" lastBookmarkId="0"/>
    <open-files xmlns="http://www.netbeans.org/ns/projectui-open-files/2">
        <group>
            <file>file:/C:/Projek%20PBO/ProjekPBOAMD/src/frame/TampilanAwal.java</file>
            <file>file:/C:/Projek%20PBO/ProjekPBOAMD/src/frame/Koneksi.java</file>
            <file>file:/C:/Projek%20PBO/ProjekPBOAMD/src/frame/Payment.java</file>
            <file>file:/C:/Projek%20PBO/ProjekPBOAMD/src/frame/Register2Frame.java</file>
            <file>file:/C:/Projek%20PBO/ProjekPBOAMD/src/frame/LoginFrame.java</file>
            <file>file:/C:/Projek%20PBO/ProjekPBOAMD/src/frame/MainFrame.java</file>
            <file>file:/C:/Projek%20PBO/ProjekPBOAMD/src/frame/Message.java</file>
            <file>file:/C:/Projek%20PBO/ProjekPBOAMD/src/frame/UpdateDeleteMember.java</file>
            <file>file:/C:/Projek%20PBO/ProjekPBOAMD/src/frame/NewMember.java</file>
            <file>file:/C:/Projek%20PBO/ProjekPBOAMD/src/frame/RegisterFrame.java</file>
        </group>
    </open-files>
</project-private>
